{
  "best_global_step": null,
  "best_metric": null,
  "best_model_checkpoint": null,
  "epoch": 3.0,
  "eval_steps": 500,
  "global_step": 93,
  "is_hyper_param_search": false,
  "is_local_process_zero": true,
  "is_world_process_zero": true,
  "log_history": [
    {
      "entropy": 2.133723043402036,
      "epoch": 0.6593406593406593,
      "grad_norm": 0.24696436524391174,
      "learning_rate": 1.8776789895672557e-05,
      "loss": 2.3472,
      "mean_token_accuracy": 0.4803472804526488,
      "num_tokens": 271533.0,
      "step": 20
    },
    {
      "entropy": 2.1331789760754027,
      "epoch": 1.2967032967032968,
      "grad_norm": 0.30868029594421387,
      "learning_rate": 1.3494641795990986e-05,
      "loss": 2.2739,
      "mean_token_accuracy": 0.49052512465879833,
      "num_tokens": 543295.0,
      "step": 40
    },
    {
      "entropy": 2.1227266053358713,
      "epoch": 1.9560439560439562,
      "grad_norm": 0.3222224712371826,
      "learning_rate": 6.505358204009018e-06,
      "loss": 2.2243,
      "mean_token_accuracy": 0.494331656396389,
      "num_tokens": 820457.0,
      "step": 60
    },
    {
      "entropy": 2.1268149244374244,
      "epoch": 2.5934065934065935,
      "grad_norm": 0.32331883907318115,
      "learning_rate": 1.2232101043274437e-06,
      "loss": 2.2031,
      "mean_token_accuracy": 0.4966426702408955,
      "num_tokens": 1084111.0,
      "step": 80
    }
  ],
  "logging_steps": 20,
  "max_steps": 93,
  "num_input_tokens_seen": 0,
  "num_train_epochs": 3,
  "save_steps": 500,
  "stateful_callbacks": {
    "TrainerControl": {
      "args": {
        "should_epoch_stop": false,
        "should_evaluate": false,
        "should_log": false,
        "should_save": true,
        "should_training_stop": true
      },
      "attributes": {}
    }
  },
  "total_flos": 4.862855390968627e+16,
  "train_batch_size": 6,
  "trial_name": null,
  "trial_params": null
}
